matrix size,time (ms),
2,0.001016
4,0.000177
8,0.000755
16,0.001246
32,0.004934
64,0.024292
128,0.175910
256,1.846443
512,15.739570
1024,123.738083
2048,1497.863581
4096,19841.484437
8192,163656.508822
