matrix size,time (ms),
2,0.001161
4,0.000159
8,0.000773
16,0.001253
32,0.004943
64,0.024231
128,0.186182
256,1.847573
512,15.725861
1024,124.076391
2048,1512.422822
4096,19785.694953
8192,164666.768677
